Drug,Gene,Mutation,Literature
pyrazinamide,pncA,p.Leu151Ser,ReSeqTB
pyrazinamide,pncA,p.Leu172Pro,ReSeqTB
pyrazinamide,pncA,p.Val139Gly,ReSeqTB
capreomycin,tlyA,p.Asn236Lys,ReSeqTB
isoniazid,furA,p.Leu68Phe,ReSeqTB
moxifloxacin,gyrA,p.Ser95Thr,ReSeqTB
pyrazinamide,pncA,p.Asp8Glu,ReSeqTB
moxifloxacin,gyrA,p.Val712Leu,ReSeqTB
pyrazinamide,pncA,p.Thr47Ala,ReSeqTB
rifampicin,rpoB,p.His445Phe,ReSeqTB
rifampicin,rpoB,p.Asp435Phe,ReSeqTB
ofloxacin,gyrA,p.Gly88Cys,ReSeqTB
levofloxacin,gyrA,p.Ser91Pro,ReSeqTB
pyrazinamide,pncA,p.Ile133Thr,ReSeqTB
ofloxacin,gyrA,p.Gly247Ser,ReSeqTB
rifampicin,rpoB,p.His445Arg,ReSeqTB
rifampicin,rpoB,p.Ser450Leu,ReSeqTB
rifampicin,rpoB,p.Met434Ile,ReSeqTB
pyrazinamide,pncA,p.Ala134Val,ReSeqTB
pyrazinamide,pncA,p.Thr76Pro,ReSeqTB
isoniazid,katG,p.Ser315Ile,ReSeqTB
pyrazinamide,pncA,p.Leu35Arg,ReSeqTB
pyrazinamide,pncA,p.Val128Gly,ReSeqTB
moxifloxacin,gyrA,p.Asp94Asn,ReSeqTB
kanamycin,eis,c.-37G>T,ReSeqTB
rifampicin,rpoB,p.Ile491Phe,ReSeqTB
kanamycin,eis,c.-14C>T,ReSeqTB
pyrazinamide,pncA,p.His71Tyr,ReSeqTB
pyrazinamide,pncA,p.Gly132Asp,ReSeqTB
streptomycin,rrs,r.514a>c,ReSeqTB
pyrazinamide,pncA,p.Tyr34Asp,ReSeqTB
pyrazinamide,pncA,p.Pro54Ser,ReSeqTB
levofloxacin,gyrA,p.Asp89Asn,ReSeqTB
streptomycin,gid,p.Glu92Asp,ReSeqTB
rifampicin,rpoB,p.Asp545Glu,ReSeqTB
rifampicin,rpoB,p.His445Asp,ReSeqTB
pyrazinamide,pncA,p.His57Tyr,ReSeqTB
pyrazinamide,pncA,p.Ser66Pro,ReSeqTB
pyrazinamide,pncA,p.Gly132Ser,ReSeqTB
pyrazinamide,pncA,p.Trp68Gly,ReSeqTB
amikacin,rrs,r.1484g>t,ReSeqTB
kanamycin,eis,c.-10G>A,ReSeqTB
rifampicin,rpoB,p.His445Pro,ReSeqTB
streptomycin,rpsL,p.Lys43Thr,ReSeqTB
rifampicin,rpoB,p.Gln432Pro,ReSeqTB
rifampicin,rpoB,p.Asp435Asn,ReSeqTB
levofloxacin,gyrA,p.Asp94Asn,ReSeqTB
levofloxacin,gyrA,p.Gly88Ala,ReSeqTB
streptomycin,gid,p.Val110Gly,ReSeqTB
prothionamide,inhA,p.Ser94Ala,ReSeqTB
pyrazinamide,pncA,frameshift,ReSeqTB
pyrazinamide,pncA,p.Ile31Thr,ReSeqTB
pyrazinamide,pncA,p.Gly17Asp,ReSeqTB
pyrazinamide,pncA,p.Asp12Gly,ReSeqTB
ofloxacin,gyrB,p.Glu459Lys,ReSeqTB
pyrazinamide,pncA,p.Leu116Arg,ReSeqTB
pyrazinamide,pncA,c.-11A>G,ReSeqTB
ofloxacin,gyrA,p.Gly88Ala,ReSeqTB
rifampicin,rpoB,p.Ile430Phe,ReSeqTB
moxifloxacin,gyrA,p.Asp94Gly,ReSeqTB
rifampicin,rpoB,c.1304_1305insGCCAGAACAACC,ReSeqTB
moxifloxacin,gyrA,p.Glu21Gln,ReSeqTB
rifampicin,rpoB,c.1296_1297insCAA,ReSeqTB
rifampicin,rpoB,p.His445Leu,ReSeqTB
levofloxacin,gyrA,p.Glu21Gln,ReSeqTB
pyrazinamide,pncA,p.Asp49Gly,ReSeqTB
pyrazinamide,pncA,p.His51Arg,ReSeqTB
pyrazinamide,pncA,p.Val139Leu,ReSeqTB
pyrazinamide,pncA,p.Leu85Arg,ReSeqTB
pyrazinamide,pncA,p.Asp8Gly,ReSeqTB
ethionamide,inhA,p.Ser94Ala,ReSeqTB
moxifloxacin,gyrA,p.Gly668Asp,ReSeqTB
rifampicin,rpoB,p.Gln432Lys,ReSeqTB
moxifloxacin,gyrA,p.Ser91Pro,ReSeqTB
isoniazid,fabG1,c.-102G>A,ReSeqTB
levofloxacin,gyrA,p.Thr80Ala,ReSeqTB
capreomycin,rrs,r.517c>t,ReSeqTB
rifampicin,rpoB,p.Ser441Leu,ReSeqTB
pyrazinamide,pncA,p.Cys14Arg,ReSeqTB
pyrazinamide,pncA,p.Phe94Leu,ReSeqTB
isoniazid,katG,p.Ala110Val,ReSeqTB
pyrazinamide,pncA,p.Gly24Asp,ReSeqTB
pyrazinamide,pncA,p.Ser104Arg,ReSeqTB
pyrazinamide,pncA,p.Pro62Gln,ReSeqTB
pyrazinamide,pncA,p.Asp12Ala,ReSeqTB
amikacin,rrs,r.1401a>g,ReSeqTB
pyrazinamide,pncA,p.Asp8Asn,ReSeqTB
rifampicin,rpoB,p.His445Tyr,ReSeqTB
ofloxacin,gyrA,p.Gly668Asp,ReSeqTB
ofloxacin,gyrA,p.Asp89Asn,ReSeqTB
rifampicin,rpoB,p.His445Asn,ReSeqTB
rifampicin,rpoB,p.Asp435Val,ReSeqTB
pyrazinamide,pncA,p.Val125Gly,ReSeqTB
prothionamide,ethA,p.Gln347Ser,ReSeqTB
pyrazinamide,pncA,p.Gly162Asp,ReSeqTB
pyrazinamide,pncA,c.-12T>C,ReSeqTB
isoniazid,katG,frameshift,ReSeqTB
ofloxacin,gyrA,p.Asp94His,ReSeqTB
rifampicin,rpoB,p.Ser450Trp,ReSeqTB
levofloxacin,gyrB,p.Glu459Lys,ReSeqTB
ofloxacin,gyrA,p.Val712Leu,ReSeqTB
pyrazinamide,pncA,p.Val180Phe,ReSeqTB
capreomycin,rrs,r.1402c>t,ReSeqTB
pyrazinamide,pncA,p.Leu4Ser,ReSeqTB
pyrazinamide,pncA,p.Ala46Val,ReSeqTB
pyrazinamide,pncA,p.His71Asp,ReSeqTB
isoniazid,fabG1,c.-15C>T,ReSeqTB
kanamycin,eis,c.-12C>T,ReSeqTB
levofloxacin,gyrA,p.Val712Leu,ReSeqTB
rifampicin,rpoB,c.1299_1300insTTC,ReSeqTB
pyrazinamide,pncA,p.Ile6Thr,ReSeqTB
ofloxacin,gyrB,p.Ala504Val,ReSeqTB
moxifloxacin,gyrA,p.Asp94Tyr,ReSeqTB
rifampicin,rpoB,p.His445Gly,ReSeqTB
isoniazid,fabG1,c.-47G>C,ReSeqTB
levofloxacin,gyrA,p.Asp94Ala,ReSeqTB
levofloxacin,gyrA,p.Asp94Gly,ReSeqTB
pyrazinamide,pncA,p.His51Gln,ReSeqTB
pyrazinamide,pncA,p.Leu116Pro,ReSeqTB
ethionamide,fabG1,c.-15C>T,ReSeqTB
pyrazinamide,pncA,p.Val180Gly,ReSeqTB
levofloxacin,gyrA,p.Gly88Cys,ReSeqTB
pyrazinamide,pncA,p.Thr142Met,ReSeqTB
streptomycin,rpsL,p.Lys43Arg,ReSeqTB
isoniazid,fabG1,p.Thr4Ile,ReSeqTB
pyrazinamide,pncA,p.Trp68Arg,ReSeqTB
pyrazinamide,pncA,p.Pro54Leu,ReSeqTB
streptomycin,rpsL,p.Lys88Arg,ReSeqTB
pyrazinamide,pncA,p.Ile6Leu,ReSeqTB
isoniazid,katG,p.Ser315Thr,ReSeqTB
capreomycin,rrs,r.1484g>t,ReSeqTB
rifampicin,rpoB,p.Gln432His,ReSeqTB
kanamycin,rrs,r.1402c>t,ReSeqTB
moxifloxacin,gyrA,p.Asp94Ala,ReSeqTB
levofloxacin,gyrA,p.Asp94Tyr,ReSeqTB
ofloxacin,gyrA,p.Ser91Pro,ReSeqTB
levofloxacin,gyrA,p.Ser95Thr,ReSeqTB
moxifloxacin,gyrA,p.Gly88Cys,ReSeqTB
kanamycin,rrs,r.1401a>g,ReSeqTB
ethionamide,inhA,p.Ile194Thr,ReSeqTB
pyrazinamide,pncA,p.His71Gln,ReSeqTB
pyrazinamide,pncA,p.Val155Gly,ReSeqTB
streptomycin,gid,frameshift,ReSeqTB
pyrazinamide,pncA,p.Gly97Asp,ReSeqTB
pyrazinamide,pncA,p.Cys72Arg,ReSeqTB
pyrazinamide,pncA,p.Met175Thr,ReSeqTB
ofloxacin,gyrA,p.Ser95Thr,ReSeqTB
pyrazinamide,pncA,p.Val125Phe,ReSeqTB
streptomycin,rpsL,p.Lys88Gln,ReSeqTB
pyrazinamide,pncA,p.His71Arg,ReSeqTB
streptomycin,rrs,r.514a>t,ReSeqTB
pyrazinamide,pncA,p.His57Asp,ReSeqTB
pyrazinamide,pncA,p.Phe94Ser,ReSeqTB
pyrazinamide,pncA,p.Tyr103His,ReSeqTB
isoniazid,mshA,p.Ala187Val,ReSeqTB
streptomycin,rrs,r.462c>t,ReSeqTB
pyrazinamide,pncA,p.Thr135Asn,ReSeqTB
pyrazinamide,pncA,p.Ala171Glu,ReSeqTB
prothionamide,inhA,p.Ile194Thr,ReSeqTB
prothionamide,fabG1,c.-15C>T,ReSeqTB
pyrazinamide,pncA,p.Leu85Pro,ReSeqTB
ofloxacin,gyrA,p.Asp94Asn,ReSeqTB
ofloxacin,gyrA,p.Ala90Val,ReSeqTB
pyrazinamide,pncA,p.Lys96Asn,ReSeqTB
pyrazinamide,pncA,p.Leu120Pro,ReSeqTB
rifampicin,rpoB,c.1309_1311del,ReSeqTB
pyrazinamide,pncA,p.Asp49Asn,ReSeqTB
pyrazinamide,pncA,p.Phe58Leu,ReSeqTB
streptomycin,rrs,r.513c>t,ReSeqTB
rifampicin,rpoB,p.His445Cys,ReSeqTB
pyrazinamide,pncA,p.Trp68Cys,ReSeqTB
pyrazinamide,pncA,p.Thr114Met,ReSeqTB
pyrazinamide,pncA,p.Thr142Ala,ReSeqTB
rifampicin,rpoB,p.Ser450Tyr,ReSeqTB
pyrazinamide,pncA,p.Thr160Pro,ReSeqTB
moxifloxacin,gyrA,p.Ala90Val,ReSeqTB
streptomycin,gid,p.Leu16Arg,ReSeqTB
rifampicin,rpoB,p.Asp435Tyr,ReSeqTB
isoniazid,katG,p.Ser315Asn,ReSeqTB
levofloxacin,gyrA,p.Asp94His,ReSeqTB
ofloxacin,gyrA,p.Asp94Gly,ReSeqTB
rifampicin,rpoB,p.Asp435Ala,ReSeqTB
ofloxacin,gyrA,p.Glu21Gln,ReSeqTB
moxifloxacin,gyrA,p.Gly247Ser,ReSeqTB
pyrazinamide,pncA,p.His82Arg,ReSeqTB
streptomycin,rpsL,p.Thr40Ile,ReSeqTB
pyrazinamide,pncA,p.Thr142Lys,ReSeqTB
streptomycin,rrs,r.517c>t,ReSeqTB
pyrazinamide,pncA,p.Val7Gly,ReSeqTB
pyrazinamide,pncA,p.Thr135Pro,ReSeqTB
pyrazinamide,pncA,p.Gln141Pro,ReSeqTB
rifampicin,rpoB,p.Phe424Val,ReSeqTB
pyrazinamide,pncA,p.Met175Val,ReSeqTB
ofloxacin,gyrA,p.Asp94Tyr,ReSeqTB
isoniazid,mshA,p.Asn111Ser,ReSeqTB
pyrazinamide,pncA,p.His137Pro,ReSeqTB
pyrazinamide,pncA,p.Val139Ala,ReSeqTB
rifampicin,rpoB,p.Ser431Thr,ReSeqTB
isoniazid,katG,p.Arg463Leu,ReSeqTB
pyrazinamide,pncA,p.Lys96Thr,ReSeqTB
ofloxacin,gyrA,p.Asp94Ala,ReSeqTB
prothionamide,inhA,c.-15C>T,ReSeqTB
pyrazinamide,pncA,p.Lys96Glu,ReSeqTB
rifampicin,rpoB,p.Ser450Phe,ReSeqTB
pyrazinamide,pncA,p.Pro62Leu,ReSeqTB
kanamycin,rrs,r.1484g>t,ReSeqTB
levofloxacin,gyrA,p.Ala90Val,ReSeqTB
pyrazinamide,pncA,p.Cys138Tyr,ReSeqTB
pyrazinamide,pncA,p.Gln10Arg,ReSeqTB
rifampicin,rpoB,p.Asp435Gly,ReSeqTB
levofloxacin,gyrA,p.Gly247Ser,ReSeqTB
rifampicin,rpoB,p.Ser441Gln,ReSeqTB
pyrazinamide,pncA,p.Arg123Pro,ReSeqTB
pyrazinamide,pncA,p.Lys48Thr,ReSeqTB
ofloxacin,gyrA,p.Thr80Ala,ReSeqTB
pyrazinamide,pncA,p.Ser59Pro,ReSeqTB
pyrazinamide,pncA,p.Ala3Glu,ReSeqTB
pyrazinamide,pncA,p.His57Pro,ReSeqTB
pyrazinamide,pncA,p.Ser67Pro,ReSeqTB
isoniazid,katG,p.Leu499Met,ReSeqTB
pyrazinamide,pncA,p.Gln10Pro,ReSeqTB
levofloxacin,gyrA,p.Gly668Asp,ReSeqTB
pyrazinamide,pncA,p.Lys96Arg,ReSeqTB
ethionamide,inhA,c.-15C>T,ReSeqTB
pyrazinamide,pncA,p.Asp63Gly,ReSeqTB
pyrazinamide,pncA,p.Gly132Ala,ReSeqTB
rifampicin,rpoB,p.Gln432Leu,ReSeqTB
pyrazinamide,pncA,p.His57Arg,ReSeqTB
pyrazinamide,pncA,p.Leu159Pro,ReSeqTB
pyrazinamide,pncA,p.Gly108Arg,ReSeqTB
pyrazinamide,pncA,p.Leu19Pro,ReSeqTB
pyrazinamide,pncA,p.Gly97Cys,ReSeqTB
capreomycin,tlyA,p.Asp149His,ReSeqTB
capreomycin,tlyA,frameshift,ReSeqTB
ethionamide,ethA,p.Gln347Ser,ReSeqTB
pyrazinamide,pncA,p.Asp12Asn,ReSeqTB
levofloxacin,gyrB,p.Ala504Val,ReSeqTB
kanamycin,rrs,r.1338a>c,ReSeqTB
isoniazid,fabG1,c.-80T>G,ReSeqTB
pyrazinamide,pncA,p.Met175Ile,ReSeqTB
rifampicin,rpoB,p.Ser450Gln,ReSeqTB
capreomycin,rrs,r.1401a>g,ReSeqTB
rifampicin,rpoB,p.Leu452Pro,ReSeqTB
pyrazinamide,pncA,p.Thr168Pro,ReSeqTB
pyrazinamide,pncA,p.Gly97Ser,ReSeqTB
pyrazinamide,pncA,c.-7T>C,ReSeqTB
