Gene,Mutation,Drug,Literature
rrs,r.1158g>t,amikacin,
rrs,r.1338a>c,amikacin,
rrs,r.1401a>g,amikacin,
rrs,r.1402c>a,amikacin,
rrs,r.1402c>t,amikacin,
rrs,r.1484g>t,amikacin,
rrs,r.1158g>t,aminoglycosides,
rrs,r.1338a>c,aminoglycosides,
rrs,r.1401a>g,aminoglycosides,
rrs,r.1402c>a,aminoglycosides,
rrs,r.1402c>t,aminoglycosides,
rrs,r.1484g>t,aminoglycosides,
Rv0678,c.192_193insG,bedaquiline,
Rv0678,c.38_39insA,bedaquiline,
Rv0678,p.Arg134*,bedaquiline,
Rv0678,p.Arg94Gln,bedaquiline,
Rv0678,p.Glu138Gly,bedaquiline,
Rv0678,p.Ser63Arg,bedaquiline,
Rv0678,p.Ser68Gly,bedaquiline,
rrs,r.1401a>g,capreomycin,
rrs,r.1402c>a,capreomycin,
rrs,r.1402c>t,capreomycin,
rrs,r.1484g>t,capreomycin,
tlyA,c.198_199insGC,capreomycin,
tlyA,c.23del,capreomycin,
tlyA,c.26del,capreomycin,
tlyA,c.310del,capreomycin,
tlyA,c.400del,capreomycin,
tlyA,c.477del,capreomycin,
tlyA,c.586del,capreomycin,
tlyA,c.653del,capreomycin,
tlyA,c.673_674del,capreomycin,
tlyA,c.67_69del,capreomycin,
tlyA,c.733_742del,capreomycin,
tlyA,c.751_752insTG,capreomycin,
tlyA,c.758del,capreomycin,
tlyA,frameshift,capreomycin,
tlyA,p.Ala67Glu,capreomycin,
tlyA,p.Ala91Glu,capreomycin,
tlyA,p.Arg14Trp,capreomycin,
tlyA,p.Arg18*,capreomycin,
tlyA,p.Arg3*,capreomycin,
tlyA,p.Asn236Lys,capreomycin,
tlyA,p.Gln184*,capreomycin,
tlyA,p.Gln22*,capreomycin,
tlyA,p.Glu238Lys,capreomycin,
tlyA,p.Leu118Pro,capreomycin,
tlyA,p.Leu150Pro,capreomycin,
tlyA,p.Lys69Glu,capreomycin,
tlyA,p.Phe185Leu,capreomycin,
tlyA,p.Pro183Leu,capreomycin,
tlyA,p.Val128Glu,capreomycin,
gyrA,p.Ala74Ser,ciprofloxacin,
gyrA,p.Ala90Glu,ciprofloxacin,
gyrA,p.Ala90Gly,ciprofloxacin,
gyrA,p.Ala90Val,ciprofloxacin,
gyrA,p.Arg68Gly,ciprofloxacin,
gyrA,p.Asp89Asn,ciprofloxacin,
gyrA,p.Asp94Ala,ciprofloxacin,
gyrA,p.Asp94Asn,ciprofloxacin,
gyrA,p.Asp94Gly,ciprofloxacin,
gyrA,p.Asp94His,ciprofloxacin,
gyrA,p.Asp94Tyr,ciprofloxacin,
gyrA,p.Asp94Val,ciprofloxacin,
gyrA,p.Gly88Ala,ciprofloxacin,
gyrA,p.Gly88Cys,ciprofloxacin,
gyrA,p.His70Arg,ciprofloxacin,
gyrA,p.Ile92Met,ciprofloxacin,
gyrA,p.Leu109Val,ciprofloxacin,
gyrA,p.Pro102His,ciprofloxacin,
gyrA,p.Ser69Thr,ciprofloxacin,
gyrA,p.Ser91Ala,ciprofloxacin,
gyrA,p.Ser91Pro,ciprofloxacin,
gyrB,p.Ala504Thr,ciprofloxacin,
gyrB,p.Ala504Val,ciprofloxacin,
gyrB,p.Ala90Gly,ciprofloxacin,
gyrB,p.Arg446Cys,ciprofloxacin,
gyrB,p.Arg446His,ciprofloxacin,
gyrB,p.Arg446Leu,ciprofloxacin,
gyrB,p.Asn499Asp,ciprofloxacin,
gyrB,p.Asn499Lys,ciprofloxacin,
gyrB,p.Asn499Thr,ciprofloxacin,
gyrB,p.Asn499Tyr,ciprofloxacin,
gyrB,p.Asp461Ala,ciprofloxacin,
gyrB,p.Asp461Asn,ciprofloxacin,
gyrB,p.Asp461His,ciprofloxacin,
gyrB,p.Asp494Ala,ciprofloxacin,
gyrB,p.Gln538His,ciprofloxacin,
gyrB,p.Glu501Asp,ciprofloxacin,
gyrB,p.Glu501Val,ciprofloxacin,
gyrB,p.Gly470Ala,ciprofloxacin,
gyrB,p.Gly470Cys,ciprofloxacin,
gyrB,p.Ile486Leu,ciprofloxacin,
gyrB,p.Ser447Phe,ciprofloxacin,
gyrB,p.Thr500Asn,ciprofloxacin,
gyrB,p.Thr500Ile,ciprofloxacin,
gyrB,p.Thr500Pro,ciprofloxacin,
gyrB,p.Thr507Met,ciprofloxacin,
gyrB,p.Val670Phe,ciprofloxacin,
Rv0678,c.192_193insG,clofazimine,
Rv0678,c.38_39insA,clofazimine,
Rv0678,p.Arg134*,clofazimine,
Rv0678,p.Arg94Gln,clofazimine,
Rv0678,p.Glu138Gly,clofazimine,
Rv0678,p.Ser63Arg,clofazimine,
Rv0678,p.Ser68Gly,clofazimine,
ald,c.1106_1107insG,cycloserine,
ald,c.128_129insG,cycloserine,
ald,c.133_134insTC,cycloserine,
ald,c.133del,cycloserine,
ald,c.317_318insT,cycloserine,
ald,c.433_434insGC,cycloserine,
ald,c.460del,cycloserine,
ald,c.837_838insCCGAC,cycloserine,
ald,c.877_878insCG,cycloserine,
ald,c.896_897insGA,cycloserine,
ald,c.966_967insGA,cycloserine,
ald,c.991_992insC,cycloserine,
alr,p.Leu113Arg,cycloserine,
alr,p.Met343Thr,cycloserine,
alr,p.Phe4Leu,cycloserine,
Rv3261,p.Asp49Tyr,delamanid,
embA,c.-11C>A,ethambutol,
embA,c.-12C>T,ethambutol,
embA,c.-16C>G,ethambutol,
embA,c.-16C>T,ethambutol,
embA,c.-26del,ethambutol,
embA,c.-28del,ethambutol,
embA,c.-29_-28del,ethambutol,
embA,c.-32del,ethambutol,
embA,c.-34del,ethambutol,
embA,c.-37del,ethambutol,
embA,p.Ala462Val,ethambutol,
embA,p.Asp4Asn,ethambutol,
embA,p.Asp833Ala,ethambutol,
embA,p.Gly321Ser,ethambutol,
embA,p.Gly350Asp,ethambutol,
embB,c.983del,ethambutol,
embB,p.Ala221Gly,ethambutol,
embB,p.Ala225Ser,ethambutol,
embB,p.Ala271Val,ethambutol,
embB,p.Ala281Pro,ethambutol,
embB,p.Ala313Val,ethambutol,
embB,p.Ala356Ser,ethambutol,
embB,p.Ala356Val,ethambutol,
embB,p.Ala357Ser,ethambutol,
embB,p.Ala357Val,ethambutol,
embB,p.Ala379Asp,ethambutol,
embB,p.Ala379Thr,ethambutol,
embB,p.Ala388Gly,ethambutol,
embB,p.Ala431Thr,ethambutol,
embB,p.Ala659Thr,ethambutol,
embB,p.Arg257Trp,ethambutol,
embB,p.Arg274Pro,ethambutol,
embB,p.Arg367Pro,ethambutol,
embB,p.Arg460Cys,ethambutol,
embB,p.Arg460Leu,ethambutol,
embB,p.Arg469Pro,ethambutol,
embB,p.Arg471Pro,ethambutol,
embB,p.Arg507Lys,ethambutol,
embB,p.Asn296His,ethambutol,
embB,p.Asn296Lys,ethambutol,
embB,p.Asn318His,ethambutol,
embB,p.Asn318Lys,ethambutol,
embB,p.Asn318Ser,ethambutol,
embB,p.Asn399Asp,ethambutol,
embB,p.Asn399His,ethambutol,
embB,p.Asn400Lys,ethambutol,
embB,p.Asp1024Asn,ethambutol,
embB,p.Asp240His,ethambutol,
embB,p.Asp299Glu,ethambutol,
embB,p.Asp311Gly,ethambutol,
embB,p.Asp311His,ethambutol,
embB,p.Asp328Gly,ethambutol,
embB,p.Asp328Tyr,ethambutol,
embB,p.Asp328Val,ethambutol,
embB,p.Asp354Ala,ethambutol,
embB,p.Asp959Ala,ethambutol,
embB,p.Gln497Arg,ethambutol,
embB,p.Gln497Lys,ethambutol,
embB,p.Gln497Pro,ethambutol,
embB,p.Gln853Pro,ethambutol,
embB,p.Glu368Ala,ethambutol,
embB,p.Glu368Asp,ethambutol,
embB,p.Glu368Gln,ethambutol,
embB,p.Glu378Lys,ethambutol,
embB,p.Glu405Asp,ethambutol,
embB,p.Glu504Asp,ethambutol,
embB,p.Gly294Ser,ethambutol,
embB,p.Gly314Ala,ethambutol,
embB,p.Gly331Arg,ethambutol,
embB,p.Gly358Val,ethambutol,
embB,p.Gly374Val,ethambutol,
embB,p.Gly401Ser,ethambutol,
embB,p.Gly406Ala,ethambutol,
embB,p.Gly406Asp,ethambutol,
embB,p.Gly406Cys,ethambutol,
embB,p.Gly406Ser,ethambutol,
embB,p.Gly448Val,ethambutol,
embB,p.Gly459Ala,ethambutol,
embB,p.Gly745Asp,ethambutol,
embB,p.His1002Arg,ethambutol,
embB,p.His312Arg,ethambutol,
embB,p.Ile293Asn,ethambutol,
embB,p.Leu239Pro,ethambutol,
embB,p.Leu359Ile,ethambutol,
embB,p.Leu370Arg,ethambutol,
embB,p.Met1000Arg,ethambutol,
embB,p.Met306Ile,ethambutol,
embB,p.Met306Leu,ethambutol,
embB,p.Met306Thr,ethambutol,
embB,p.Met306Val,ethambutol,
embB,p.Met423Ile,ethambutol,
embB,p.Met423Thr,ethambutol,
embB,p.Met482Ile,ethambutol,
embB,p.Phe285Leu,ethambutol,
embB,p.Phe287Cys,ethambutol,
embB,p.Phe287Val,ethambutol,
embB,p.Phe320Leu,ethambutol,
embB,p.Phe330Val,ethambutol,
embB,p.Phe398Tyr,ethambutol,
embB,p.Pro371Arg,ethambutol,
embB,p.Pro375Ala,ethambutol,
embB,p.Pro397Gln,ethambutol,
embB,p.Pro397Thr,ethambutol,
embB,p.Pro404Ser,ethambutol,
embB,p.Pro430Leu,ethambutol,
embB,p.Pro446His,ethambutol,
embB,p.Pro461Ser,ethambutol,
embB,p.Ser272Cys,ethambutol,
embB,p.Ser272Ile,ethambutol,
embB,p.Ser297Ala,ethambutol,
embB,p.Ser297Leu,ethambutol,
embB,p.Ser298Trp,ethambutol,
embB,p.Ser317Thr,ethambutol,
embB,p.Ser347Cys,ethambutol,
embB,p.Ser347Ile,ethambutol,
embB,p.Ser347Thr,ethambutol,
embB,p.Ser366Pro,ethambutol,
embB,p.Ser380Arg,ethambutol,
embB,p.Ser380Asn,ethambutol,
embB,p.Ser412Leu,ethambutol,
embB,p.Thr437Ala,ethambutol,
embB,p.Trp332Leu,ethambutol,
embB,p.Trp395Arg,ethambutol,
embB,p.Trp395Cys,ethambutol,
embB,p.Tyr315Cys,ethambutol,
embB,p.Tyr319Asn,ethambutol,
embB,p.Tyr319Cys,ethambutol,
embB,p.Tyr319Ser,ethambutol,
embB,p.Tyr333His,ethambutol,
embB,p.Tyr334His,ethambutol,
embB,p.Tyr384Asn,ethambutol,
embB,p.Val227Gly,ethambutol,
embB,p.Val282Gly,ethambutol,
embB,p.Val282Leu,ethambutol,
embB,p.Val309Gly,ethambutol,
embB,p.Val360Met,ethambutol,
embB,p.Val369Ala,ethambutol,
embB,p.Val369Leu,ethambutol,
embB,p.Val377Gly,ethambutol,
embB,p.Val377Met,ethambutol,
embB,p.Val435Gly,ethambutol,
embB,p.Val436Gly,ethambutol,
embB,p.Val452Leu,ethambutol,
embC,p.Ala244Thr,ethambutol,
embC,p.Ala247Pro,ethambutol,
embC,p.Ala254Gly,ethambutol,
embC,p.Ala307Thr,ethambutol,
embC,p.Ala779Val,ethambutol,
embC,p.Arg302Gly,ethambutol,
embC,p.Glu187Glu,ethambutol,
embC,p.Gly272Ser,ethambutol,
embC,p.Gly288Trp,ethambutol,
embC,p.Gly288Val,ethambutol,
embC,p.Gly308Asp,ethambutol,
embC,p.Gly325Ser,ethambutol,
embC,p.His285Tyr,ethambutol,
embC,p.Ile297Leu,ethambutol,
embC,p.Ile297Thr,ethambutol,
embC,p.Leu251Arg,ethambutol,
embC,p.Met300Arg,ethambutol,
embC,p.Met310Lys,ethambutol,
embC,p.Trp326Arg,ethambutol,
embC,p.Tyr296His,ethambutol,
embC,p.Tyr296Ser,ethambutol,
embC,p.Tyr309Asn,ethambutol,
embC,p.Tyr327Asn,ethambutol,
embC,p.Val287Phe,ethambutol,
embC,p.Val303Gly,ethambutol,
embR,p.Ala176Val,ethambutol,
embR,p.Ala187Val,ethambutol,
embR,p.Arg186Gly,ethambutol,
embR,p.Arg230Trp,ethambutol,
embR,p.Arg356Gly,ethambutol,
embR,p.Asp223Glu,ethambutol,
embR,p.Asp53His,ethambutol,
embR,p.Gln379Arg,ethambutol,
embR,p.Glu200Ala,ethambutol,
embR,p.Gly240Arg,ethambutol,
embR,p.Ile369Thr,ethambutol,
embR,p.Leu172Arg,ethambutol,
embR,p.Leu211Met,ethambutol,
embR,p.Leu292Met,ethambutol,
embR,p.Leu320Val,ethambutol,
embR,p.Ser188Arg,ethambutol,
embR,p.Ser326Asn,ethambutol,
embR,p.Thr32Pro,ethambutol,
embR,p.Val350Gly,ethambutol,
embR,p.Val7Gly,ethambutol,
ethA,c.101del,ethionamide,
ethA,c.1023_1024insGC,ethionamide,
ethA,c.1047del,ethionamide,
ethA,c.1054del,ethionamide,
ethA,c.1057_1059del,ethionamide,
ethA,c.1080del,ethionamide,
ethA,c.1104del,ethionamide,
ethA,c.110del,ethionamide,
ethA,c.1164_1165insA,ethionamide,
ethA,c.119_120insA,ethionamide,
ethA,c.1194_1195insT,ethionamide,
ethA,c.1195_1196insGTG,ethionamide,
ethA,c.-11A>G,ethionamide,
ethA,c.1215_1224del,ethionamide,
ethA,c.1242del,ethionamide,
ethA,c.1290del,ethionamide,
ethA,c.1304_1305insA,ethionamide,
ethA,c.130del,ethionamide,
ethA,c.1322_1323del,ethionamide,
ethA,c.1406_1407insC,ethionamide,
ethA,c.140del,ethionamide,
ethA,c.1465del,ethionamide,
ethA,c.180del,ethionamide,
ethA,c.229del,ethionamide,
ethA,c.308del,ethionamide,
ethA,c.492_493insCC,ethionamide,
ethA,c.597del,ethionamide,
ethA,c.621_622insG,ethionamide,
ethA,c.639_640del,ethionamide,
ethA,c.673_674insG,ethionamide,
ethA,c.674_675insGC,ethionamide,
ethA,c.701_702insGG,ethionamide,
ethA,c.703del,ethionamide,
ethA,c.753_754insG,ethionamide,
ethA,c.756_757insGC,ethionamide,
ethA,c.768del,ethionamide,
ethA,c.771_772insC,ethionamide,
ethA,c.774del,ethionamide,
ethA,c.785_787del,ethionamide,
ethA,c.852_853insC,ethionamide,
ethA,c.870_871insA,ethionamide,
ethA,c.884del,ethionamide,
ethA,c.896del,ethionamide,
ethA,frameshift,ethionamide,
ethA,large_deletion,ethionamide,
ethA,p.Ala381Pro,ethionamide,
ethA,p.Arg463Ser,ethionamide,
ethA,p.Asp58Ala,ethionamide,
ethA,p.Cys403Gly,ethionamide,
ethA,p.Gln165Pro,ethionamide,
ethA,p.Gln246*,ethionamide,
ethA,p.Gln269*,ethionamide,
ethA,p.Gln347*,ethionamide,
ethA,p.Glu223Lys,ethionamide,
ethA,p.Gly11Ala,ethionamide,
ethA,p.Gly385Asp,ethionamide,
ethA,p.Gly413Asp,ethionamide,
ethA,p.Gly43Cys,ethionamide,
ethA,p.Gly43Ser,ethionamide,
ethA,p.His22Pro,ethionamide,
ethA,p.Ile338Ser,ethionamide,
ethA,p.Leu272Pro,ethionamide,
ethA,p.Leu333Arg,ethionamide,
ethA,p.Leu397Arg,ethionamide,
ethA,p.Met1Arg,ethionamide,
ethA,p.Pro51Leu,ethionamide,
ethA,p.Ser329Leu,ethionamide,
ethA,p.Thr186Lys,ethionamide,
ethA,p.Thr232Ala,ethionamide,
ethA,p.Thr342Lys,ethionamide,
ethA,p.Thr392Ala,ethionamide,
ethA,p.Thr61Met,ethionamide,
ethA,p.Tyr386Cys,ethionamide,
ethA,p.Tyr461His,ethionamide,
ethA,p.Tyr84Asp,ethionamide,
ethR,p.Ala95Thr,ethionamide,
ethR,p.Phe110Leu,ethionamide,
fabG1,c.-15C>T,ethionamide,
fabG1,c.-17G>T,ethionamide,
fabG1,c.-8T>C,ethionamide,
inhA,p.Ile194Thr,ethionamide,
inhA,p.Ile21Thr,ethionamide,
inhA,p.Ser94Ala,ethionamide,
gyrA,p.Ala74Ser,fluoroquinolones,
gyrA,p.Ala90Glu,fluoroquinolones,
gyrA,p.Ala90Gly,fluoroquinolones,
gyrA,p.Ala90Val,fluoroquinolones,
gyrA,p.Arg68Gly,fluoroquinolones,
gyrA,p.Asp89Asn,fluoroquinolones,
gyrA,p.Asp94Ala,fluoroquinolones,
gyrA,p.Asp94Asn,fluoroquinolones,
gyrA,p.Asp94Gly,fluoroquinolones,
gyrA,p.Asp94His,fluoroquinolones,
gyrA,p.Asp94Tyr,fluoroquinolones,
gyrA,p.Asp94Val,fluoroquinolones,
gyrA,p.Gly88Ala,fluoroquinolones,
gyrA,p.Gly88Cys,fluoroquinolones,
gyrA,p.His70Arg,fluoroquinolones,
gyrA,p.Ile92Met,fluoroquinolones,
gyrA,p.Leu109Val,fluoroquinolones,
gyrA,p.Pro102His,fluoroquinolones,
gyrA,p.Ser69Thr,fluoroquinolones,
gyrA,p.Ser91Ala,fluoroquinolones,
gyrA,p.Ser91Pro,fluoroquinolones,
gyrB,p.Ala504Thr,fluoroquinolones,
gyrB,p.Ala504Val,fluoroquinolones,
gyrB,p.Ala90Gly,fluoroquinolones,
gyrB,p.Arg446Cys,fluoroquinolones,
gyrB,p.Arg446His,fluoroquinolones,
gyrB,p.Arg446Leu,fluoroquinolones,
gyrB,p.Asn499Asp,fluoroquinolones,
gyrB,p.Asn499Lys,fluoroquinolones,
gyrB,p.Asn499Thr,fluoroquinolones,
gyrB,p.Asn499Tyr,fluoroquinolones,
gyrB,p.Asp461Ala,fluoroquinolones,
gyrB,p.Asp461Asn,fluoroquinolones,
gyrB,p.Asp461His,fluoroquinolones,
gyrB,p.Asp494Ala,fluoroquinolones,
gyrB,p.Gln538His,fluoroquinolones,
gyrB,p.Glu501Asp,fluoroquinolones,
gyrB,p.Glu501Val,fluoroquinolones,
gyrB,p.Gly470Ala,fluoroquinolones,
gyrB,p.Gly470Cys,fluoroquinolones,
gyrB,p.Ile486Leu,fluoroquinolones,
gyrB,p.Ser447Phe,fluoroquinolones,
gyrB,p.Thr500Asn,fluoroquinolones,
gyrB,p.Thr500Ile,fluoroquinolones,
gyrB,p.Thr500Pro,fluoroquinolones,
gyrB,p.Thr507Met,fluoroquinolones,
gyrB,p.Val670Phe,fluoroquinolones,
ahpC,c.-20C>T,isoniazid,
ahpC,c.-39C>T,isoniazid,
ahpC,c.-44T>A,isoniazid,
ahpC,c.-48G>A,isoniazid,
ahpC,c.-48G>T,isoniazid,
ahpC,c.-49T>G,isoniazid,
ahpC,c.-4A>G,isoniazid,
ahpC,c.-51G>T,isoniazid,
ahpC,c.-52C>T,isoniazid,
ahpC,c.-54C>T,isoniazid,
ahpC,c.-5G>A,isoniazid,
ahpC,c.-66G>A,isoniazid,
ahpC,c.-74G>A,isoniazid,
ahpC,c.-81C>T,isoniazid,
ahpC,p.Asp33Asn,isoniazid,
ahpC,p.Asp73His,isoniazid,
ahpC,p.Glu76Lys,isoniazid,
ahpC,p.Leu191Arg,isoniazid,
ahpC,p.Phe10Ile,isoniazid,
ahpC,p.Pro2Ser,isoniazid,
ahpC,p.Thr5Ile,isoniazid,
fabG1,c.-11A>T,isoniazid,
fabG1,c.-15C>T,isoniazid,
fabG1,c.-16A>G,isoniazid,
fabG1,c.-17G>T,isoniazid,
fabG1,c.-24G>T,isoniazid,
fabG1,c.-5T>A,isoniazid,
fabG1,c.-67G>C,isoniazid,
fabG1,c.-8T>A,isoniazid,
fabG1,c.-8T>C,isoniazid,
fabG1,c.-8T>G,isoniazid,
fabG1,c.-92A>T,isoniazid,
inhA,p.Gly40Trp,isoniazid,
inhA,p.Ile16Thr,isoniazid,
inhA,p.Ile194Thr,isoniazid,
inhA,p.Ile21Asn,isoniazid,
inhA,p.Ile21Thr,isoniazid,
inhA,p.Ile21Val,isoniazid,
inhA,p.Ile47Thr,isoniazid,
inhA,p.Ile95Thr,isoniazid,
inhA,p.Leu11Val,isoniazid,
inhA,p.Lys8Asn,isoniazid,
inhA,p.Ser94Ala,isoniazid,
inhA,p.Ser94Leu,isoniazid,
inhA,p.Ser94Trp,isoniazid,
kasA,p.Arg121Lys,isoniazid,
kasA,p.Asp66Asn,isoniazid,
kasA,p.Gly387Asp,isoniazid,
kasA,p.Met77Ile,isoniazid,
katG,c.1037del,isoniazid,
katG,c.1091del,isoniazid,
katG,c.109del,isoniazid,
katG,c.-10A>C,isoniazid,
katG,c.1171_1172insCTA,isoniazid,
katG,c.1203del,isoniazid,
katG,c.-12G>A,isoniazid,
katG,c.1330_1331insA,isoniazid,
katG,c.1339_1350del,isoniazid,
katG,c.149del,isoniazid,
katG,c.152_166del,isoniazid,
katG,c.1560_1561insTGCAGCCACAAGTCGGGTGGGAGGTCAACGACCCCGACGGGGATCTGCGCAAGGTCATTCGCAC,isoniazid,
katG,c.1612_1613insA,isoniazid,
katG,c.1667del,isoniazid,
katG,c.1804_1810del,isoniazid,
katG,c.1850_1851insAC,isoniazid,
katG,c.186_187insC,isoniazid,
katG,c.1901_1902insC,isoniazid,
katG,c.196_197insCCCC,isoniazid,
katG,c.2203_2205del,isoniazid,
katG,c.269_270insT,isoniazid,
katG,c.28_35del,isoniazid,
katG,c.317_318insG,isoniazid,
katG,c.358_369del,isoniazid,
katG,c.372_373del,isoniazid,
katG,c.373_374insG,isoniazid,
katG,c.374_375insCAT,isoniazid,
katG,c.54del,isoniazid,
katG,c.561del,isoniazid,
katG,c.572del,isoniazid,
katG,c.6_7del,isoniazid,
katG,c.795del,isoniazid,
katG,c.-7G>A,isoniazid,
katG,c.803del,isoniazid,
katG,c.861_866del,isoniazid,
katG,c.86_88del,isoniazid,
katG,c.902_903insT,isoniazid,
katG,c.928del,isoniazid,
katG,c.956del,isoniazid,
katG,c.99_100insA,isoniazid,
katG,frameshift,isoniazid,
katG,large_deletion,isoniazid,
katG,p.Ala106Val,isoniazid,
katG,p.Ala109Val,isoniazid,
katG,p.Ala110Val,isoniazid,
katG,p.Ala139Pro,isoniazid,
katG,p.Ala162Thr,isoniazid,
katG,p.Ala172Thr,isoniazid,
katG,p.Ala172Val,isoniazid,
katG,p.Ala243Ser,isoniazid,
katG,p.Ala264Thr,isoniazid,
katG,p.Ala281Val,isoniazid,
katG,p.Ala291Pro,isoniazid,
katG,p.Ala350Ser,isoniazid,
katG,p.Ala350Thr,isoniazid,
katG,p.Ala361Asp,isoniazid,
katG,p.Ala379Val,isoniazid,
katG,p.Ala409Asp,isoniazid,
katG,p.Ala424Glu,isoniazid,
katG,p.Ala424Gly,isoniazid,
katG,p.Ala424Val,isoniazid,
katG,p.Ala444Thr,isoniazid,
katG,p.Ala464Ser,isoniazid,
katG,p.Ala550Asp,isoniazid,
katG,p.Ala551Gly,isoniazid,
katG,p.Ala574Glu,isoniazid,
katG,p.Ala574Val,isoniazid,
katG,p.Ala61Thr,isoniazid,
katG,p.Ala636Glu,isoniazid,
katG,p.Ala65Thr,isoniazid,
katG,p.Ala66Pro,isoniazid,
katG,p.Ala713Pro,isoniazid,
katG,p.Ala716Pro,isoniazid,
katG,p.Ala727Asp,isoniazid,
katG,p.Arg104Gln,isoniazid,
katG,p.Arg104Leu,isoniazid,
katG,p.Arg128Pro,isoniazid,
katG,p.Arg249Cys,isoniazid,
katG,p.Arg418Gln,isoniazid,
katG,p.Arg418Leu,isoniazid,
katG,p.Arg463Trp,isoniazid,
katG,p.Arg484Ser,isoniazid,
katG,p.Arg496Leu,isoniazid,
katG,p.Arg515Cys,isoniazid,
katG,p.Asn138Asp,isoniazid,
katG,p.Asn138His,isoniazid,
katG,p.Asn138Ser,isoniazid,
katG,p.Asn138Thr,isoniazid,
katG,p.Asn218Lys,isoniazid,
katG,p.Asn236Thr,isoniazid,
katG,p.Asn238Lys,isoniazid,
katG,p.Asn258Ser,isoniazid,
katG,p.Asn35Asp,isoniazid,
katG,p.Asn529Asp,isoniazid,
katG,p.Asp117Ala,isoniazid,
katG,p.Asp142Ala,isoniazid,
katG,p.Asp259Glu,isoniazid,
katG,p.Asp311Glu,isoniazid,
katG,p.Asp311Gly,isoniazid,
katG,p.Asp311Tyr,isoniazid,
katG,p.Asp357Asn,isoniazid,
katG,p.Asp357His,isoniazid,
katG,p.Asp381Gly,isoniazid,
katG,p.Asp419His,isoniazid,
katG,p.Asp573Asn,isoniazid,
katG,p.Asp63Glu,isoniazid,
katG,p.Asp695Ala,isoniazid,
katG,p.Asp72Gly,isoniazid,
katG,p.Asp735Ala,isoniazid,
katG,p.Asp735Asn,isoniazid,
katG,p.Asp74Gly,isoniazid,
katG,p.Asp74Tyr,isoniazid,
katG,p.Asp94Ala,isoniazid,
katG,p.Asp94Gly,isoniazid,
katG,p.Gln127Pro,isoniazid,
katG,p.Gln224Glu,isoniazid,
katG,p.Gln295Pro,isoniazid,
katG,p.Gln352*,isoniazid,
katG,p.Gln434*,isoniazid,
katG,p.Gln461Pro,isoniazid,
katG,p.Gln502His,isoniazid,
katG,p.Gln525Pro,isoniazid,
katG,p.Gln717Pro,isoniazid,
katG,p.Gln88Arg,isoniazid,
katG,p.Glu195Lys,isoniazid,
katG,p.Glu261Lys,isoniazid,
katG,p.Glu289Asp,isoniazid,
katG,p.Glu607Lys,isoniazid,
katG,p.Gly121Cys,isoniazid,
katG,p.Gly121Val,isoniazid,
katG,p.Gly125Cys,isoniazid,
katG,p.Gly169Ala,isoniazid,
katG,p.Gly186Val,isoniazid,
katG,p.Gly19Asp,isoniazid,
katG,p.Gly234Arg,isoniazid,
katG,p.Gly234Glu,isoniazid,
katG,p.Gly279Asp,isoniazid,
katG,p.Gly285Asp,isoniazid,
katG,p.Gly297Val,isoniazid,
katG,p.Gly299Ala,isoniazid,
katG,p.Gly299Cys,isoniazid,
katG,p.Gly305Ala,isoniazid,
katG,p.Gly307Ala,isoniazid,
katG,p.Gly307Arg,isoniazid,
katG,p.Gly307Glu,isoniazid,
katG,p.Gly309Asp,isoniazid,
katG,p.Gly309Cys,isoniazid,
katG,p.Gly309Ser,isoniazid,
katG,p.Gly316Asp,isoniazid,
katG,p.Gly316Ser,isoniazid,
katG,p.Gly428Arg,isoniazid,
katG,p.Gly485Val,isoniazid,
katG,p.Gly491Cys,isoniazid,
katG,p.Gly593Asp,isoniazid,
katG,p.Gly629Ser,isoniazid,
katG,p.Gly685Arg,isoniazid,
katG,p.Gly96Cys,isoniazid,
katG,p.Gly99Glu,isoniazid,
katG,p.His108Asp,isoniazid,
katG,p.His108Gln,isoniazid,
katG,p.Ile317Leu,isoniazid,
katG,p.Ile317Val,isoniazid,
katG,p.Ile335Thr,isoniazid,
katG,p.Ile335Val,isoniazid,
katG,p.Ile393Asn,isoniazid,
katG,p.Ile462Thr,isoniazid,
katG,p.Ile71Asn,isoniazid,
katG,p.Leu141Phe,isoniazid,
katG,p.Leu148Arg,isoniazid,
katG,p.Leu336Arg,isoniazid,
katG,p.Leu378Pro,isoniazid,
katG,p.Leu384Arg,isoniazid,
katG,p.Leu449Phe,isoniazid,
katG,p.Leu48Gln,isoniazid,
katG,p.Leu587Met,isoniazid,
katG,p.Leu587Pro,isoniazid,
katG,p.Leu619Pro,isoniazid,
katG,p.Leu634Phe,isoniazid,
katG,p.Leu653Pro,isoniazid,
katG,p.Lys143Thr,isoniazid,
katG,p.Lys200*,isoniazid,
katG,p.Lys345Thr,isoniazid,
katG,p.Lys414Asn,isoniazid,
katG,p.Lys459*,isoniazid,
katG,p.Lys488Asn,isoniazid,
katG,p.Met126Ile,isoniazid,
katG,p.Met176Ile,isoniazid,
katG,p.Met257Ile,isoniazid,
katG,p.Met257Thr,isoniazid,
katG,p.Met609Ile,isoniazid,
katG,p.Met84Ile,isoniazid,
katG,p.Phe252Leu,isoniazid,
katG,p.Phe567Ser,isoniazid,
katG,p.Pro241Pro,isoniazid,
katG,p.Pro2Ser,isoniazid,
katG,p.Pro365Leu,isoniazid,
katG,p.Pro429Ser,isoniazid,
katG,p.Pro589Thr,isoniazid,
katG,p.Ser140Arg,isoniazid,
katG,p.Ser140Asn,isoniazid,
katG,p.Ser140Gly,isoniazid,
katG,p.Ser160Leu,isoniazid,
katG,p.Ser17Asn,isoniazid,
katG,p.Ser302Arg,isoniazid,
katG,p.Ser315Arg,isoniazid,
katG,p.Ser315Asn,isoniazid,
katG,p.Ser315Gly,isoniazid,
katG,p.Ser315Ile,isoniazid,
katG,p.Ser315Thr,isoniazid,
katG,p.Ser331Cys,isoniazid,
katG,p.Ser457Ile,isoniazid,
katG,p.Ser700Pro,isoniazid,
katG,p.Thr11Ala,isoniazid,
katG,p.Thr12Pro,isoniazid,
katG,p.Thr180Lys,isoniazid,
katG,p.Thr251Met,isoniazid,
katG,p.Thr262Arg,isoniazid,
katG,p.Thr275Ala,isoniazid,
katG,p.Thr275Pro,isoniazid,
katG,p.Thr275Ser,isoniazid,
katG,p.Thr308Pro,isoniazid,
katG,p.Thr324Pro,isoniazid,
katG,p.Thr326Met,isoniazid,
katG,p.Thr380Ile,isoniazid,
katG,p.Thr394Ala,isoniazid,
katG,p.Thr435Ile,isoniazid,
katG,p.Thr85Pro,isoniazid,
katG,p.Trp107Arg,isoniazid,
katG,p.Trp107*,isoniazid,
katG,p.Trp191Arg,isoniazid,
katG,p.Trp198*,isoniazid,
katG,p.Trp300Gly,isoniazid,
katG,p.Trp300*,isoniazid,
katG,p.Trp321Arg,isoniazid,
katG,p.Trp321Cys,isoniazid,
katG,p.Trp321*,isoniazid,
katG,p.Trp321Leu,isoniazid,
katG,p.Trp321Ser,isoniazid,
katG,p.Trp328Cys,isoniazid,
katG,p.Trp328Gly,isoniazid,
katG,p.Trp328Leu,isoniazid,
katG,p.Trp328Ser,isoniazid,
katG,p.Trp341Ser,isoniazid,
katG,p.Trp38*,isoniazid,
katG,p.Trp397*,isoniazid,
katG,p.Trp477*,isoniazid,
katG,p.Trp505Arg,isoniazid,
katG,p.Trp505Ser,isoniazid,
katG,p.Trp728Cys,isoniazid,
katG,p.Trp90*,isoniazid,
katG,p.Trp91Arg,isoniazid,
katG,p.Tyr155Cys,isoniazid,
katG,p.Tyr155Ser,isoniazid,
katG,p.Tyr229Phe,isoniazid,
katG,p.Tyr304Ser,isoniazid,
katG,p.Tyr337Cys,isoniazid,
katG,p.Tyr337Phe,isoniazid,
katG,p.Tyr413His,isoniazid,
katG,p.Val1Ala,isoniazid,
katG,p.Val1Leu,isoniazid,
katG,p.Val230Ala,isoniazid,
katG,p.Val473Phe,isoniazid,
katG,p.Val710Ala,isoniazid,
eis,c.-10G>A,kanamycin,
eis,c.-10G>C,kanamycin,
eis,c.-12C>T,kanamycin,
eis,c.-13A>G,kanamycin,
eis,c.-14C>T,kanamycin,
eis,c.-15C>G,kanamycin,
eis,c.-37G>T,kanamycin,
eis,c.-53T>G,kanamycin,
eis,c.-54G>T,kanamycin,
eis,c.-8C>A,kanamycin,
rrs,r.1401a>g,kanamycin,
rrs,r.1402c>a,kanamycin,
rrs,r.1402c>t,kanamycin,
rrs,r.1484g>t,kanamycin,
gyrA,p.Ala74Ser,levofloxacin,
gyrA,p.Ala90Glu,levofloxacin,
gyrA,p.Ala90Gly,levofloxacin,
gyrA,p.Ala90Val,levofloxacin,
gyrA,p.Arg68Gly,levofloxacin,
gyrA,p.Asp89Asn,levofloxacin,
gyrA,p.Asp94Ala,levofloxacin,
gyrA,p.Asp94Asn,levofloxacin,
gyrA,p.Asp94Gly,levofloxacin,
gyrA,p.Asp94His,levofloxacin,
gyrA,p.Asp94Tyr,levofloxacin,
gyrA,p.Asp94Val,levofloxacin,
gyrA,p.Gly88Ala,levofloxacin,
gyrA,p.Gly88Cys,levofloxacin,
gyrA,p.His70Arg,levofloxacin,
gyrA,p.Ile92Met,levofloxacin,
gyrA,p.Leu109Val,levofloxacin,
gyrA,p.Pro102His,levofloxacin,
gyrA,p.Ser69Thr,levofloxacin,
gyrA,p.Ser91Ala,levofloxacin,
gyrA,p.Ser91Pro,levofloxacin,
gyrB,p.Ala504Thr,levofloxacin,
gyrB,p.Ala504Val,levofloxacin,
gyrB,p.Ala90Gly,levofloxacin,
gyrB,p.Arg446Cys,levofloxacin,
gyrB,p.Arg446His,levofloxacin,
gyrB,p.Arg446Leu,levofloxacin,
gyrB,p.Asn499Asp,levofloxacin,
gyrB,p.Asn499Lys,levofloxacin,
gyrB,p.Asn499Thr,levofloxacin,
gyrB,p.Asn499Tyr,levofloxacin,
gyrB,p.Asp461Ala,levofloxacin,
gyrB,p.Asp461Asn,levofloxacin,
gyrB,p.Asp461His,levofloxacin,
gyrB,p.Asp494Ala,levofloxacin,
gyrB,p.Gln538His,levofloxacin,
gyrB,p.Glu501Asp,levofloxacin,
gyrB,p.Glu501Val,levofloxacin,
gyrB,p.Gly470Ala,levofloxacin,
gyrB,p.Gly470Cys,levofloxacin,
gyrB,p.Ile486Leu,levofloxacin,
gyrB,p.Ser447Phe,levofloxacin,
gyrB,p.Thr500Asn,levofloxacin,
gyrB,p.Thr500Ile,levofloxacin,
gyrB,p.Thr500Pro,levofloxacin,
gyrB,p.Thr507Met,levofloxacin,
gyrB,p.Val670Phe,levofloxacin,
rplC,p.Cys154Arg,linezolid,
rrl,r.2299g>t,linezolid,
rrl,r.2814g>t,linezolid,
gyrA,p.Ala74Ser,moxifloxacin,
gyrA,p.Ala90Glu,moxifloxacin,
gyrA,p.Ala90Gly,moxifloxacin,
gyrA,p.Ala90Val,moxifloxacin,
gyrA,p.Arg68Gly,moxifloxacin,
gyrA,p.Asp89Asn,moxifloxacin,
gyrA,p.Asp94Ala,moxifloxacin,
gyrA,p.Asp94Asn,moxifloxacin,
gyrA,p.Asp94Gly,moxifloxacin,
gyrA,p.Asp94His,moxifloxacin,
gyrA,p.Asp94Tyr,moxifloxacin,
gyrA,p.Asp94Val,moxifloxacin,
gyrA,p.Gly88Ala,moxifloxacin,
gyrA,p.Gly88Cys,moxifloxacin,
gyrA,p.His70Arg,moxifloxacin,
gyrA,p.Ile92Met,moxifloxacin,
gyrA,p.Leu109Val,moxifloxacin,
gyrA,p.Pro102His,moxifloxacin,
gyrA,p.Ser69Thr,moxifloxacin,
gyrA,p.Ser91Ala,moxifloxacin,
gyrA,p.Ser91Pro,moxifloxacin,
gyrB,p.Ala504Thr,moxifloxacin,
gyrB,p.Ala504Val,moxifloxacin,
gyrB,p.Ala90Gly,moxifloxacin,
gyrB,p.Arg446Cys,moxifloxacin,
gyrB,p.Arg446His,moxifloxacin,
gyrB,p.Arg446Leu,moxifloxacin,
gyrB,p.Asn499Asp,moxifloxacin,
gyrB,p.Asn499Lys,moxifloxacin,
gyrB,p.Asn499Thr,moxifloxacin,
gyrB,p.Asn499Tyr,moxifloxacin,
gyrB,p.Asp461Ala,moxifloxacin,
gyrB,p.Asp461Asn,moxifloxacin,
gyrB,p.Asp461His,moxifloxacin,
gyrB,p.Asp494Ala,moxifloxacin,
gyrB,p.Gln538His,moxifloxacin,
gyrB,p.Glu501Asp,moxifloxacin,
gyrB,p.Glu501Val,moxifloxacin,
gyrB,p.Gly470Ala,moxifloxacin,
gyrB,p.Gly470Cys,moxifloxacin,
gyrB,p.Ile486Leu,moxifloxacin,
gyrB,p.Ser447Phe,moxifloxacin,
gyrB,p.Thr500Asn,moxifloxacin,
gyrB,p.Thr500Ile,moxifloxacin,
gyrB,p.Thr500Pro,moxifloxacin,
gyrB,p.Thr507Met,moxifloxacin,
gyrB,p.Val670Phe,moxifloxacin,
gyrA,p.Ala74Ser,ofloxacin,
gyrA,p.Ala90Glu,ofloxacin,
gyrA,p.Ala90Gly,ofloxacin,
gyrA,p.Ala90Val,ofloxacin,
gyrA,p.Arg68Gly,ofloxacin,
gyrA,p.Asp89Asn,ofloxacin,
gyrA,p.Asp94Ala,ofloxacin,
gyrA,p.Asp94Asn,ofloxacin,
gyrA,p.Asp94Gly,ofloxacin,
gyrA,p.Asp94His,ofloxacin,
gyrA,p.Asp94Tyr,ofloxacin,
gyrA,p.Asp94Val,ofloxacin,
gyrA,p.Gly88Ala,ofloxacin,
gyrA,p.Gly88Cys,ofloxacin,
gyrA,p.His70Arg,ofloxacin,
gyrA,p.Ile92Met,ofloxacin,
gyrA,p.Leu109Val,ofloxacin,
gyrA,p.Pro102His,ofloxacin,
gyrA,p.Ser69Thr,ofloxacin,
gyrA,p.Ser91Ala,ofloxacin,
gyrA,p.Ser91Pro,ofloxacin,
gyrB,p.Ala504Thr,ofloxacin,
gyrB,p.Ala504Val,ofloxacin,
gyrB,p.Ala90Gly,ofloxacin,
gyrB,p.Arg446Cys,ofloxacin,
gyrB,p.Arg446His,ofloxacin,
gyrB,p.Arg446Leu,ofloxacin,
gyrB,p.Asn499Asp,ofloxacin,
gyrB,p.Asn499Lys,ofloxacin,
gyrB,p.Asn499Thr,ofloxacin,
gyrB,p.Asn499Tyr,ofloxacin,
gyrB,p.Asp461Ala,ofloxacin,
gyrB,p.Asp461Asn,ofloxacin,
gyrB,p.Asp461His,ofloxacin,
gyrB,p.Asp494Ala,ofloxacin,
gyrB,p.Gln538His,ofloxacin,
gyrB,p.Glu501Asp,ofloxacin,
gyrB,p.Glu501Val,ofloxacin,
gyrB,p.Gly470Ala,ofloxacin,
gyrB,p.Gly470Cys,ofloxacin,
gyrB,p.Ile486Leu,ofloxacin,
gyrB,p.Ser447Phe,ofloxacin,
gyrB,p.Thr500Asn,ofloxacin,
gyrB,p.Thr500Ile,ofloxacin,
gyrB,p.Thr500Pro,ofloxacin,
gyrB,p.Thr507Met,ofloxacin,
gyrB,p.Val670Phe,ofloxacin,
folC,p.Ala183Pro,para-aminosalicylic_acid,
folC,p.Arg49Pro,para-aminosalicylic_acid,
folC,p.Arg49Trp,para-aminosalicylic_acid,
folC,p.Arg91Trp,para-aminosalicylic_acid,
folC,p.Asn73Ser,para-aminosalicylic_acid,
folC,p.Glu153Ala,para-aminosalicylic_acid,
folC,p.Glu153Gly,para-aminosalicylic_acid,
folC,p.Glu40Gln,para-aminosalicylic_acid,
folC,p.Glu40Gly,para-aminosalicylic_acid,
folC,p.Ile43Ser,para-aminosalicylic_acid,
folC,p.Ile43Thr,para-aminosalicylic_acid,
folC,p.Leu56Val,para-aminosalicylic_acid,
folC,p.Phe152Leu,para-aminosalicylic_acid,
folC,p.Phe152Ser,para-aminosalicylic_acid,
folC,p.Ser150Arg,para-aminosalicylic_acid,
folC,p.Ser150Cys,para-aminosalicylic_acid,
folC,p.Ser150Gly,para-aminosalicylic_acid,
folC,p.Thr20Pro,para-aminosalicylic_acid,
ribD,p.Gly8Arg,para-aminosalicylic_acid,
thyA,c.111del,para-aminosalicylic_acid,
thyA,c.218_219insCACGAGCAC,para-aminosalicylic_acid,
thyA,c.260del,para-aminosalicylic_acid,
thyA,c.373_374insT,para-aminosalicylic_acid,
thyA,c.472del,para-aminosalicylic_acid,
thyA,large_deletion,para-aminosalicylic_acid,
thyA,p.Arg126Gln,para-aminosalicylic_acid,
thyA,p.Arg222Gly,para-aminosalicylic_acid,
thyA,p.Arg235Pro,para-aminosalicylic_acid,
thyA,p.Cys161Tyr,para-aminosalicylic_acid,
thyA,p.Gly76*,para-aminosalicylic_acid,
thyA,p.Gly91Arg,para-aminosalicylic_acid,
thyA,p.His207Arg,para-aminosalicylic_acid,
thyA,p.His75Asn,para-aminosalicylic_acid,
thyA,p.Phe152Val,para-aminosalicylic_acid,
thyA,p.Pro224Leu,para-aminosalicylic_acid,
thyA,p.Ser105Pro,para-aminosalicylic_acid,
thyA,p.Thr22Ala,para-aminosalicylic_acid,
thyA,p.Trp101Arg,para-aminosalicylic_acid,
thyA,p.Trp83Cys,para-aminosalicylic_acid,
thyA,p.Trp83*,para-aminosalicylic_acid,
thyA,p.Trp98*,para-aminosalicylic_acid,
thyA,p.Tyr36Cys,para-aminosalicylic_acid,
thyA,p.Val77Phe,para-aminosalicylic_acid,
thyX,c.-16C>T,para-aminosalicylic_acid,
panD,c.393del,pyrazinamide,
panD,p.Ala128Ser,pyrazinamide,
panD,p.Glu126*,pyrazinamide,
panD,p.Glu130Gly,pyrazinamide,
panD,p.His21Arg,pyrazinamide,
panD,p.Ile49Val,pyrazinamide,
panD,p.Leu136Arg,pyrazinamide,
panD,p.Met117Ile,pyrazinamide,
panD,p.Val138Ala,pyrazinamide,
panD,p.Val138Glu,pyrazinamide,
panD,p.Val138Gly,pyrazinamide,
pncA,c.101_102insT,pyrazinamide,
pncA,c.-10T>C,pyrazinamide,
pncA,c.1_11del,pyrazinamide,
pncA,c.117_118insC,pyrazinamide,
pncA,c.118_150del,pyrazinamide,
pncA,c.-11A>C,pyrazinamide,
pncA,c.-11A>G,pyrazinamide,
pncA,c.12_14del,pyrazinamide,
pncA,c.-12T>C,pyrazinamide,
pncA,c.-12T>G,pyrazinamide,
pncA,c.137_138insG,pyrazinamide,
pncA,c.158del,pyrazinamide,
pncA,c.16_17insC,pyrazinamide,
pncA,c.161del,pyrazinamide,
pncA,c.162_164del,pyrazinamide,
pncA,c.162del,pyrazinamide,
pncA,c.163_164insT,pyrazinamide,
pncA,c.172del,pyrazinamide,
pncA,c.189_200del,pyrazinamide,
pncA,c.1_8del,pyrazinamide,
pncA,c.193_194insA,pyrazinamide,
pncA,c.194_195insA,pyrazinamide,
pncA,c.210_211insACC,pyrazinamide,
pncA,c.210_211insC,pyrazinamide,
pncA,c.219_220insCGCATTGCCG,pyrazinamide,
pncA,c.222_223insG,pyrazinamide,
pncA,c.239del,pyrazinamide,
pncA,c.250_251insC,pyrazinamide,
pncA,c.272_276del,pyrazinamide,
pncA,c.288_289insT,pyrazinamide,
pncA,c.288del,pyrazinamide,
pncA,c.28del,pyrazinamide,
pncA,c.302_303insA,pyrazinamide,
pncA,c.302_303insG,pyrazinamide,
pncA,c.306_309del,pyrazinamide,
pncA,c.307_308insC,pyrazinamide,
pncA,c.307_311del,pyrazinamide,
pncA,c.312del,pyrazinamide,
pncA,c.315_316insG,pyrazinamide,
pncA,c.341del,pyrazinamide,
pncA,c.369_370insAG,pyrazinamide,
pncA,c.375_389del,pyrazinamide,
pncA,c.379_389del,pyrazinamide,
pncA,c.380_388del,pyrazinamide,
pncA,c.381_382del,pyrazinamide,
pncA,c.383_384insAG,pyrazinamide,
pncA,c.386_388del,pyrazinamide,
pncA,c.386_389del,pyrazinamide,
pncA,c.389_390insAGGTCGATG,pyrazinamide,
pncA,c.389_390insGAGGTCGAT,pyrazinamide,
pncA,c.389del,pyrazinamide,
pncA,c.391del,pyrazinamide,
pncA,c.392_393insGG,pyrazinamide,
pncA,c.392_393insG,pyrazinamide,
pncA,c.393_394insG,pyrazinamide,
pncA,c.395_405del,pyrazinamide,
pncA,c.395del,pyrazinamide,
pncA,c.398_399insT,pyrazinamide,
pncA,c.404_405insC,pyrazinamide,
pncA,c.406del,pyrazinamide,
pncA,c.408_409insC,pyrazinamide,
pncA,c.415_416insG,pyrazinamide,
pncA,c.416_417del,pyrazinamide,
pncA,c.416del,pyrazinamide,
pncA,c.421_422insGG,pyrazinamide,
pncA,c.421_422insG,pyrazinamide,
pncA,c.422del,pyrazinamide,
pncA,c.429_430insGG,pyrazinamide,
pncA,c.436del,pyrazinamide,
pncA,c.443del,pyrazinamide,
pncA,c.446_453del,pyrazinamide,
pncA,c.452del,pyrazinamide,
pncA,c.457_458insC,pyrazinamide,
pncA,c.466_467insT,pyrazinamide,
pncA,c.471_472insA,pyrazinamide,
pncA,c.475del,pyrazinamide,
pncA,c.47del,pyrazinamide,
pncA,c.481_482insTGAC,pyrazinamide,
pncA,c.495del,pyrazinamide,
pncA,c.502_503insGC,pyrazinamide,
pncA,c.512del,pyrazinamide,
pncA,c.518_519insG,pyrazinamide,
pncA,c.521_522insT,pyrazinamide,
pncA,c.533_534insC,pyrazinamide,
pncA,c.53_54insGG,pyrazinamide,
pncA,c.59del,pyrazinamide,
pncA,c.64del,pyrazinamide,
pncA,c.68_78del,pyrazinamide,
pncA,c.70del,pyrazinamide,
pncA,c.71del,pyrazinamide,
pncA,c.-7T>C,pyrazinamide,
pncA,c.84del,pyrazinamide,
pncA,c.88_111del,pyrazinamide,
pncA,frameshift,pyrazinamide,
pncA,large_deletion,pyrazinamide,
pncA,p.Ala102Thr,pyrazinamide,
pncA,p.Ala134Ser,pyrazinamide,
pncA,p.Ala134Val,pyrazinamide,
pncA,p.Ala143Asp,pyrazinamide,
pncA,p.Ala143Pro,pyrazinamide,
pncA,p.Ala143Thr,pyrazinamide,
pncA,p.Ala146Glu,pyrazinamide,
pncA,p.Ala146Thr,pyrazinamide,
pncA,p.Ala146Val,pyrazinamide,
pncA,p.Ala161Pro,pyrazinamide,
pncA,p.Ala165Thr,pyrazinamide,
pncA,p.Ala171Glu,pyrazinamide,
pncA,p.Ala171Pro,pyrazinamide,
pncA,p.Ala171Thr,pyrazinamide,
pncA,p.Ala171Val,pyrazinamide,
pncA,p.Ala26Gly,pyrazinamide,
pncA,p.Ala28Asp,pyrazinamide,
pncA,p.Ala3Glu,pyrazinamide,
pncA,p.Ala3Pro,pyrazinamide,
pncA,p.Ala46Glu,pyrazinamide,
pncA,p.Ala46Pro,pyrazinamide,
pncA,p.Ala46Val,pyrazinamide,
pncA,p.Ala79Gly,pyrazinamide,
pncA,p.Arg121Pro,pyrazinamide,
pncA,p.Arg123Pro,pyrazinamide,
pncA,p.Arg140Gly,pyrazinamide,
pncA,p.Arg140His,pyrazinamide,
pncA,p.Arg140Pro,pyrazinamide,
pncA,p.Arg140Ser,pyrazinamide,
pncA,p.Arg148Ser,pyrazinamide,
pncA,p.Arg154Gly,pyrazinamide,
pncA,p.Arg154Met,pyrazinamide,
pncA,p.Asn118Thr,pyrazinamide,
pncA,p.Asp12Ala,pyrazinamide,
pncA,p.Asp12Asn,pyrazinamide,
pncA,p.Asp12Glu,pyrazinamide,
pncA,p.Asp12Gly,pyrazinamide,
pncA,p.Asp136Asn,pyrazinamide,
pncA,p.Asp136Gly,pyrazinamide,
pncA,p.Asp136His,pyrazinamide,
pncA,p.Asp136Tyr,pyrazinamide,
pncA,p.Asp145Glu,pyrazinamide,
pncA,p.Asp49Ala,pyrazinamide,
pncA,p.Asp49Asn,pyrazinamide,
pncA,p.Asp49Glu,pyrazinamide,
pncA,p.Asp49Gly,pyrazinamide,
pncA,p.Asp49His,pyrazinamide,
pncA,p.Asp49Tyr,pyrazinamide,
pncA,p.Asp49Val,pyrazinamide,
pncA,p.Asp53Ala,pyrazinamide,
pncA,p.Asp53Asn,pyrazinamide,
pncA,p.Asp63Ala,pyrazinamide,
pncA,p.Asp63Gly,pyrazinamide,
pncA,p.Asp63His,pyrazinamide,
pncA,p.Asp8Ala,pyrazinamide,
pncA,p.Asp8Asn,pyrazinamide,
pncA,p.Asp8Glu,pyrazinamide,
pncA,p.Asp8Gly,pyrazinamide,
pncA,p.Asp8Tyr,pyrazinamide,
pncA,p.Cys138Arg,pyrazinamide,
pncA,p.Cys138*,pyrazinamide,
pncA,p.Cys138Ser,pyrazinamide,
pncA,p.Cys138Tyr,pyrazinamide,
pncA,p.Cys14Arg,pyrazinamide,
pncA,p.Cys14Gly,pyrazinamide,
pncA,p.Cys14*,pyrazinamide,
pncA,p.Cys14Trp,pyrazinamide,
pncA,p.Cys14Tyr,pyrazinamide,
pncA,p.Cys72Arg,pyrazinamide,
pncA,p.Cys72*,pyrazinamide,
pncA,p.Cys72Trp,pyrazinamide,
pncA,p.Cys72Tyr,pyrazinamide,
pncA,p.Gln10Arg,pyrazinamide,
pncA,p.Gln10His,pyrazinamide,
pncA,p.Gln10Lys,pyrazinamide,
pncA,p.Gln10Pro,pyrazinamide,
pncA,p.Gln10*,pyrazinamide,
pncA,p.Gln141Pro,pyrazinamide,
pncA,p.Gln141*,pyrazinamide,
pncA,p.Glu107*,pyrazinamide,
pncA,p.Glu174Gly,pyrazinamide,
pncA,p.Glu181Asp,pyrazinamide,
pncA,p.Glu37*,pyrazinamide,
pncA,p.Gly105Arg,pyrazinamide,
pncA,p.Gly105Asp,pyrazinamide,
pncA,p.Gly105Val,pyrazinamide,
pncA,p.Gly108Arg,pyrazinamide,
pncA,p.Gly132Ala,pyrazinamide,
pncA,p.Gly132Asp,pyrazinamide,
pncA,p.Gly132Ser,pyrazinamide,
pncA,p.Gly132Val,pyrazinamide,
pncA,p.Gly162Asp,pyrazinamide,
pncA,p.Gly17Asp,pyrazinamide,
pncA,p.Gly17Val,pyrazinamide,
pncA,p.Gly23Val,pyrazinamide,
pncA,p.Gly24Arg,pyrazinamide,
pncA,p.Gly24Asp,pyrazinamide,
pncA,p.Gly78Asp,pyrazinamide,
pncA,p.Gly78Cys,pyrazinamide,
pncA,p.Gly78Ser,pyrazinamide,
pncA,p.Gly78Val,pyrazinamide,
pncA,p.Gly97Arg,pyrazinamide,
pncA,p.Gly97Asp,pyrazinamide,
pncA,p.Gly97Cys,pyrazinamide,
pncA,p.Gly97Ser,pyrazinamide,
pncA,p.His137Arg,pyrazinamide,
pncA,p.His137Pro,pyrazinamide,
pncA,p.His43Pro,pyrazinamide,
pncA,p.His51Arg,pyrazinamide,
pncA,p.His51Asn,pyrazinamide,
pncA,p.His51Asp,pyrazinamide,
pncA,p.His51Gln,pyrazinamide,
pncA,p.His51Pro,pyrazinamide,
pncA,p.His51Tyr,pyrazinamide,
pncA,p.His57Arg,pyrazinamide,
pncA,p.His57Asn,pyrazinamide,
pncA,p.His57Asp,pyrazinamide,
pncA,p.His57Leu,pyrazinamide,
pncA,p.His57Pro,pyrazinamide,
pncA,p.His57Tyr,pyrazinamide,
pncA,p.His71Arg,pyrazinamide,
pncA,p.His71Asn,pyrazinamide,
pncA,p.His71Asp,pyrazinamide,
pncA,p.His71Gln,pyrazinamide,
pncA,p.His71Tyr,pyrazinamide,
pncA,p.His82Arg,pyrazinamide,
pncA,p.His82Asp,pyrazinamide,
pncA,p.His82Leu,pyrazinamide,
pncA,p.His82Tyr,pyrazinamide,
pncA,p.Ile133Asn,pyrazinamide,
pncA,p.Ile133Thr,pyrazinamide,
pncA,p.Ile31Ser,pyrazinamide,
pncA,p.Ile5Ser,pyrazinamide,
pncA,p.Ile5Thr,pyrazinamide,
pncA,p.Ile6Met,pyrazinamide,
pncA,p.Ile6Ser,pyrazinamide,
pncA,p.Ile6Thr,pyrazinamide,
pncA,p.Ile90Ser,pyrazinamide,
pncA,p.Leu116Arg,pyrazinamide,
pncA,p.Leu116Pro,pyrazinamide,
pncA,p.Leu116Val,pyrazinamide,
pncA,p.Leu120Pro,pyrazinamide,
pncA,p.Leu151Ser,pyrazinamide,
pncA,p.Leu156Pro,pyrazinamide,
pncA,p.Leu159Arg,pyrazinamide,
pncA,p.Leu159Pro,pyrazinamide,
pncA,p.Leu159Val,pyrazinamide,
pncA,p.Leu172Arg,pyrazinamide,
pncA,p.Leu172Pro,pyrazinamide,
pncA,p.Leu182Ser,pyrazinamide,
pncA,p.Leu19Arg,pyrazinamide,
pncA,p.Leu19Pro,pyrazinamide,
pncA,p.Leu27Pro,pyrazinamide,
pncA,p.Leu35Pro,pyrazinamide,
pncA,p.Leu4Ser,pyrazinamide,
pncA,p.Leu4Trp,pyrazinamide,
pncA,p.Leu85Arg,pyrazinamide,
pncA,p.Leu85Pro,pyrazinamide,
pncA,p.Lys48Glu,pyrazinamide,
pncA,p.Lys48Thr,pyrazinamide,
pncA,p.Lys96Arg,pyrazinamide,
pncA,p.Lys96Asn,pyrazinamide,
pncA,p.Lys96Gln,pyrazinamide,
pncA,p.Lys96Glu,pyrazinamide,
pncA,p.Lys96Thr,pyrazinamide,
pncA,p.Met175Arg,pyrazinamide,
pncA,p.Met175Ile,pyrazinamide,
pncA,p.Met175Lys,pyrazinamide,
pncA,p.Met175Thr,pyrazinamide,
pncA,p.Met175Val,pyrazinamide,
pncA,p.Met1Thr,pyrazinamide,
pncA,p.Phe106Ser,pyrazinamide,
pncA,p.Phe13Ile,pyrazinamide,
pncA,p.Phe13Leu,pyrazinamide,
pncA,p.Phe13Ser,pyrazinamide,
pncA,p.Phe58Leu,pyrazinamide,
pncA,p.Phe58Ser,pyrazinamide,
pncA,p.Phe81Val,pyrazinamide,
pncA,p.Phe94Cys,pyrazinamide,
pncA,p.Phe94Leu,pyrazinamide,
pncA,p.Phe94Ser,pyrazinamide,
pncA,p.Pro54Gln,pyrazinamide,
pncA,p.Pro54Leu,pyrazinamide,
pncA,p.Pro54Thr,pyrazinamide,
pncA,p.Pro62Arg,pyrazinamide,
pncA,p.Pro62Gln,pyrazinamide,
pncA,p.Pro62Leu,pyrazinamide,
pncA,p.Pro62Ser,pyrazinamide,
pncA,p.Pro69Arg,pyrazinamide,
pncA,p.Pro69Leu,pyrazinamide,
pncA,p.Ser104Arg,pyrazinamide,
pncA,p.Ser104Gly,pyrazinamide,
pncA,p.Ser164Pro,pyrazinamide,
pncA,p.Ser179Arg,pyrazinamide,
pncA,p.Ser185Ile,pyrazinamide,
pncA,p.Ser185Thr,pyrazinamide,
pncA,p.Ser18Pro,pyrazinamide,
pncA,p.Ser32Ile,pyrazinamide,
pncA,p.Ser59Phe,pyrazinamide,
pncA,p.Ser59Pro,pyrazinamide,
pncA,p.Ser66Pro,pyrazinamide,
pncA,p.Ser67Pro,pyrazinamide,
pncA,p.Ser88*,pyrazinamide,
pncA,p.Thr114Ala,pyrazinamide,
pncA,p.Thr114Pro,pyrazinamide,
pncA,p.Thr135Pro,pyrazinamide,
pncA,p.Thr142Ala,pyrazinamide,
pncA,p.Thr142Lys,pyrazinamide,
pncA,p.Thr142Met,pyrazinamide,
pncA,p.Thr142Pro,pyrazinamide,
pncA,p.Thr153Asn,pyrazinamide,
pncA,p.Thr160Arg,pyrazinamide,
pncA,p.Thr160Pro,pyrazinamide,
pncA,p.Thr168Asn,pyrazinamide,
pncA,p.Thr168Pro,pyrazinamide,
pncA,p.Thr47Ala,pyrazinamide,
pncA,p.Thr47Pro,pyrazinamide,
pncA,p.Thr47Ser,pyrazinamide,
pncA,p.Thr61Pro,pyrazinamide,
pncA,p.Thr76Ile,pyrazinamide,
pncA,p.Thr76Pro,pyrazinamide,
pncA,p.Trp119Arg,pyrazinamide,
pncA,p.Trp119Cys,pyrazinamide,
pncA,p.Trp119*,pyrazinamide,
pncA,p.Trp119Ser,pyrazinamide,
pncA,p.Trp68Arg,pyrazinamide,
pncA,p.Trp68Cys,pyrazinamide,
pncA,p.Trp68Gly,pyrazinamide,
pncA,p.Trp68Leu,pyrazinamide,
pncA,p.Trp68*,pyrazinamide,
pncA,p.Trp68Ser,pyrazinamide,
pncA,p.Tyr103Cys,pyrazinamide,
pncA,p.Tyr103His,pyrazinamide,
pncA,p.Tyr103*,pyrazinamide,
pncA,p.Tyr103Ser,pyrazinamide,
pncA,p.Tyr34Asp,pyrazinamide,
pncA,p.Tyr34*,pyrazinamide,
pncA,p.Tyr34Ser,pyrazinamide,
pncA,p.Tyr41His,pyrazinamide,
pncA,p.Tyr41*,pyrazinamide,
pncA,p.Tyr64Asp,pyrazinamide,
pncA,p.Tyr95*,pyrazinamide,
pncA,p.Tyr99*,pyrazinamide,
pncA,p.Val125Asp,pyrazinamide,
pncA,p.Val125Gly,pyrazinamide,
pncA,p.Val128Gly,pyrazinamide,
pncA,p.Val130Ala,pyrazinamide,
pncA,p.Val130Glu,pyrazinamide,
pncA,p.Val130Gly,pyrazinamide,
pncA,p.Val131Phe,pyrazinamide,
pncA,p.Val139Ala,pyrazinamide,
pncA,p.Val139Gly,pyrazinamide,
pncA,p.Val139Leu,pyrazinamide,
pncA,p.Val139Met,pyrazinamide,
pncA,p.Val155Ala,pyrazinamide,
pncA,p.Val155Gly,pyrazinamide,
pncA,p.Val155Leu,pyrazinamide,
pncA,p.Val155Met,pyrazinamide,
pncA,p.Val180Gly,pyrazinamide,
pncA,p.Val180Phe,pyrazinamide,
pncA,p.Val21Ala,pyrazinamide,
pncA,p.Val21Gly,pyrazinamide,
pncA,p.Val44Gly,pyrazinamide,
pncA,p.Val45Gly,pyrazinamide,
pncA,p.Val7Asp,pyrazinamide,
pncA,p.Val7Gly,pyrazinamide,
pncA,p.Val7Ile,pyrazinamide,
pncA,p.Val7Leu,pyrazinamide,
pncA,p.Val7Phe,pyrazinamide,
pncA,p.Val9Ala,pyrazinamide,
pncA,p.Val9Gly,pyrazinamide,
pncA,p.Val9Leu,pyrazinamide,
rpsA,p.Arg474Leu,pyrazinamide,
rpsA,p.Arg474Trp,pyrazinamide,
rpsA,p.Glu433Asp,pyrazinamide,
rpoB,any_missense_codon_445,rifampicin,
rpoB,any_missense_codon_450,rifampicin,
rpoB,c.1275_1280del,rifampicin,
rpoB,c.1276_1281del,rifampicin,
rpoB,c.1282_1290del,rifampicin,
rpoB,c.1293_1294insTTCATG,rifampicin,
rpoB,c.1293_1294insTTC,rifampicin,
rpoB,c.1294_1299del,rifampicin,
rpoB,c.1295_1303del,rifampicin,
rpoB,c.1296_1297insCGG,rifampicin,
rpoB,c.1296_1297insTTC,rifampicin,
rpoB,c.1297_1299del,rifampicin,
rpoB,c.1297_1305del,rifampicin,
rpoB,c.1299_1300insTTC,rifampicin,
rpoB,c.1299_1301del,rifampicin,
rpoB,c.1299_1310del,rifampicin,
rpoB,c.1300_1311del,rifampicin,
rpoB,c.1302_1307del,rifampicin,
rpoB,c.1303_1308del,rifampicin,
rpoB,c.1306_1308del,rifampicin,
rpoB,c.1306_1311del,rifampicin,
rpoB,c.1308_1313del,rifampicin,
rpoB,c.1312_1314del,rifampicin,
rpoB,c.1327_1332del,rifampicin,
rpoB,c.1336_1338del,rifampicin,
rpoB,c.1648_1649insAGC,rifampicin,
rpoB,c.289_290insTGTCGT,rifampicin,
rpoB,p.Ala286Val,rifampicin,
rpoB,p.Arg447His,rifampicin,
rpoB,p.Arg447Pro,rifampicin,
rpoB,p.Arg448Lys,rifampicin,
rpoB,p.Arg552Cys,rifampicin,
rpoB,p.Asn437Asp,rifampicin,
rpoB,p.Asn437His,rifampicin,
rpoB,p.Asn437Ile,rifampicin,
rpoB,p.Asn437Thr,rifampicin,
rpoB,p.Asn437Tyr,rifampicin,
rpoB,p.Asn438Lys,rifampicin,
rpoB,p.Asp435Ala,rifampicin,
rpoB,p.Asp435Ala,rifampicin,PMID:16825345
rpoB,p.Asp435Asn,rifampicin,
rpoB,p.Asp435Glu,rifampicin,
rpoB,p.Asp435Gly,rifampicin,
rpoB,p.Asp435His,rifampicin,
rpoB,p.Asp435Phe,rifampicin,PMID:25785984
rpoB,p.Asp435Tyr,rifampicin,
rpoB,p.Asp435Val,rifampicin,
rpoB,p.Gln409His,rifampicin,
rpoB,p.Gln429His,rifampicin,
rpoB,p.Gln429Lys,rifampicin,
rpoB,p.Gln432Arg,rifampicin,
rpoB,p.Gln432Glu,rifampicin,
rpoB,p.Gln432His,rifampicin,
rpoB,p.Gln432Leu,rifampicin,
rpoB,p.Gln432Lys,rifampicin,
rpoB,p.Gln432Pro,rifampicin,
rpoB,p.Gln432*,rifampicin,
rpoB,p.Gln436His,rifampicin,
rpoB,p.Gln436Leu,rifampicin,
rpoB,p.Glu423Ala,rifampicin,
rpoB,p.Glu460Gly,rifampicin,
rpoB,p.Glu481Gly,rifampicin,
rpoB,p.Glu592Asp,rifampicin,
rpoB,p.Glu761Asp,rifampicin,
rpoB,p.Gly426Asp,rifampicin,
rpoB,p.Gly426Ser,rifampicin,
rpoB,p.Gly442Ala,rifampicin,
rpoB,p.Gly442Trp,rifampicin,
rpoB,p.Gly981Asp,rifampicin,
rpoB,p.Ile480Thr,rifampicin,
rpoB,p.Ile480Val,rifampicin,
rpoB,p.Ile491Phe,rifampicin,
rpoB,p.Leu430Arg,rifampicin,
rpoB,p.Leu430Pro,rifampicin,
rpoB,p.Leu430Val,rifampicin,
rpoB,p.Leu440Leu,rifampicin,
rpoB,p.Leu440Met,rifampicin,
rpoB,p.Leu440Pro,rifampicin,
rpoB,p.Leu443Ser,rifampicin,
rpoB,p.Leu443Trp,rifampicin,
rpoB,p.Leu452Pro,rifampicin,
rpoB,p.Leu457Pro,rifampicin,
rpoB,p.Leu464Met,rifampicin,
rpoB,p.Leu490Val,rifampicin,
rpoB,p.Lys446Asn,rifampicin,
rpoB,p.Lys446Gln,rifampicin,
rpoB,p.Met434Ile,rifampicin,
rpoB,p.Met434Thr,rifampicin,
rpoB,p.Phe424Leu,rifampicin,
rpoB,p.Phe424Ser,rifampicin,
rpoB,p.Phe424Val,rifampicin,
rpoB,p.Phe433Leu,rifampicin,
rpoB,p.Phe433Val,rifampicin,
rpoB,p.Pro454Arg,rifampicin,
rpoB,p.Pro454His,rifampicin,
rpoB,p.Pro454Leu,rifampicin,
rpoB,p.Pro454Ser,rifampicin,
rpoB,p.Pro483Leu,rifampicin,
rpoB,p.Ser428Arg,rifampicin,
rpoB,p.Ser428Ile,rifampicin,
rpoB,p.Ser428Thr,rifampicin,
rpoB,p.Ser431Arg,rifampicin,
rpoB,p.Ser431Gly,rifampicin,
rpoB,p.Ser431Ile,rifampicin,
rpoB,p.Ser431Thr,rifampicin,
rpoB,p.Ser441Gln,rifampicin,PMID:29540456
rpoB,p.Ser441Leu,rifampicin,
rpoB,p.Ser441Met,rifampicin,
rpoB,p.Ser441Trp,rifampicin,
rpoB,p.Ser441Val,rifampicin,
rpoB,p.Ser472Ala,rifampicin,
rpoB,p.Ser493Leu,rifampicin,
rpoB,p.Thr400Ala,rifampicin,
rpoB,p.Thr427Ala,rifampicin,
rpoB,p.Thr427Pro,rifampicin,
rpoB,p.Thr427Ser,rifampicin,
rpoB,p.Thr444Ile,rifampicin,
rpoB,p.Thr444Pro,rifampicin,
rpoB,p.Thr482Pro,rifampicin,
rpoB,p.Val170Phe,rifampicin,
rpoC,p.Asp485Asn,rifampicin,
rpoC,p.Asp735Asn,rifampicin,
rpoC,p.Asp747Ala,rifampicin,
rpoC,p.Gly332Arg,rifampicin,
rpoC,p.Ile491Thr,rifampicin,
rpoC,p.Ile885Val,rifampicin,
rpoC,p.Leu527Val,rifampicin,
rpoC,p.Phe452Ser,rifampicin,
gid,c.102del,streptomycin,
gid,c.103_104insG,streptomycin,
gid,c.107del,streptomycin,
gid,c.115del,streptomycin,
gid,c.136del,streptomycin,
gid,c.157del,streptomycin,
gid,c.225_226insT,streptomycin,
gid,c.294_295insAC,streptomycin,
gid,c.297_298insA,streptomycin,
gid,c.326del,streptomycin,
gid,c.351del,streptomycin,
gid,c.352_353insG,streptomycin,
gid,c.366_367del,streptomycin,
gid,c.386del,streptomycin,
gid,c.390del,streptomycin,
gid,c.400_401insT,streptomycin,
gid,c.446_447insA,streptomycin,
gid,c.450del,streptomycin,
gid,c.452del,streptomycin,
gid,c.455del,streptomycin,
gid,c.471del,streptomycin,
gid,c.519_520insA,streptomycin,
gid,c.554_555insG,streptomycin,
gid,c.559_572del,streptomycin,
gid,c.58_59insT,streptomycin,
gid,c.601del,streptomycin,
gid,large_deletion,streptomycin,
gid,p.Ala80Pro,streptomycin,
rpsL,p.Arg86Pro,streptomycin,
rpsL,p.Arg86Trp,streptomycin,
rpsL,p.Arg9His,streptomycin,
rpsL,p.Gly84Val,streptomycin,
rpsL,p.Lys43Arg,streptomycin,
rpsL,p.Lys43Thr,streptomycin,
rpsL,p.Lys51Asn,streptomycin,
rpsL,p.Lys88Arg,streptomycin,
rpsL,p.Lys88Gln,streptomycin,
rpsL,p.Lys88Met,streptomycin,
rpsL,p.Lys88Thr,streptomycin,
rpsL,p.Thr40Ile,streptomycin,
rpsL,p.Thr41Ser,streptomycin,
rpsL,p.Val52Gly,streptomycin,
rpsL,p.Val87Leu,streptomycin,
rpsL,p.Val93Met,streptomycin,
rrs,r.190g>a,streptomycin,
rrs,r.277g>c,streptomycin,
rrs,r.427g>c,streptomycin,
rrs,r.427g>t,streptomycin,
rrs,r.462c>t,streptomycin,
rrs,r.513c>t,streptomycin,
rrs,r.514a>c,streptomycin,
rrs,r.514a>t,streptomycin,
rrs,r.516c>t,streptomycin,
rrs,r.517c>t,streptomycin,
rrs,r.628g>c,streptomycin,
rrs,r.799c>t,streptomycin,
rrs,r.888g>a,streptomycin,
rrs,r.905c>a,streptomycin,
rrs,r.905c>g,streptomycin,
rrs,r.906a>g,streptomycin,
rrs,r.907a>c,streptomycin,
rrs,r.907a>t,streptomycin,
rrs,r.908a>g,streptomycin,
